City_ID,City,Country,Date,Lat,Lng,Max Temp,Humidity,Cloudiness,Wind Speed
0,Acapulco,MX,2022-10-02 05:04:10,16.8634,-99.8901,76.82,94,100,0.0
1,Lazarev,RU,2022-10-02 05:04:10,52.225,141.5131,51.28,71,100,27.31
2,Puerto Ayora,EC,2022-10-02 05:04:10,-0.7393,-90.3518,63.55,99,99,3.0
3,Punta Arenas,CL,2022-10-02 05:04:11,-53.15,-70.9167,37.11,74,1,5.41
4,Port Alfred,ZA,2022-10-02 05:04:11,-33.5906,26.891,63.36,80,56,5.32
5,Katsuura,JP,2022-10-02 05:04:12,35.1333,140.3,77.07,58,54,11.36
6,Castro,BR,2022-10-02 05:04:12,-24.7911,-50.0119,54.5,95,5,1.81
7,Torbay,CA,2022-10-02 05:04:13,47.6666,-52.7314,53.76,88,100,12.66
8,Lebu,CL,2022-10-02 05:04:13,-37.6167,-73.65,50.61,87,88,5.37
9,Ngoro,ID,2022-10-02 05:04:14,-7.6839,112.258,91.58,51,69,8.37
10,Klaksvik,FO,2022-10-02 05:04:14,62.2266,-6.589,50.92,82,99,28.01
11,Saskylakh,RU,2022-10-02 05:04:15,71.9167,114.0833,29.86,95,100,14.34
12,Plast,RU,2022-10-02 05:04:15,54.3691,60.8136,44.31,47,99,12.62
13,Rikitea,PF,2022-10-02 05:04:15,-23.1203,-134.9692,73.62,72,2,12.3
14,Bethel,US,2022-10-02 05:04:16,41.3712,-73.414,60.03,55,100,8.01
15,Kibre Mengist,ET,2022-10-02 05:04:16,5.8833,38.9833,60.46,89,100,1.34
16,Hermanus,ZA,2022-10-02 05:04:17,-34.4187,19.2345,56.8,76,10,8.34
17,Hambantota,LK,2022-10-02 05:04:17,6.1241,81.1185,89.94,62,40,19.57
18,Bengkulu,ID,2022-10-02 05:04:17,-3.8004,102.2655,81.61,78,100,6.93
19,Huaiyin,CN,2022-10-02 05:00:13,33.5886,119.0192,99.64,30,49,10.87
20,Bathsheba,BB,2022-10-02 05:04:18,13.2167,-59.5167,80.8,80,15,14.36
21,Paamiut,GL,2022-10-02 05:04:18,61.994,-49.6678,36.86,69,100,7.18
22,Ushuaia,AR,2022-10-02 05:01:40,-54.8,-68.3,30.24,91,50,3.76
23,Dingle,PH,2022-10-02 05:04:19,10.9995,122.6711,87.53,68,99,9.31
24,Nyagan,RU,2022-10-02 05:04:19,62.1406,65.3936,35.56,68,100,9.6
25,Sao Gabriel Da Cachoeira,BR,2022-10-02 05:04:20,-0.1303,-67.0892,71.92,99,100,2.24
26,Vallenar,CL,2022-10-02 05:04:20,-28.5708,-70.7581,60.21,55,0,1.54
27,Ribeira Grande,PT,2022-10-02 05:04:21,38.5167,-28.7,71.58,91,100,25.46
28,Ilulissat,GL,2022-10-02 05:00:18,69.2167,-51.1,30.22,74,99,1.14
29,Biloela,AU,2022-10-02 05:00:10,-24.4167,150.5,75.47,45,83,6.24
30,Alegrete,BR,2022-10-02 04:59:55,-29.7831,-55.7919,52.65,89,0,7.38
31,Atbasar,KZ,2022-10-02 05:04:21,51.8,68.3333,38.28,40,4,7.85
32,Mataura,NZ,2022-10-02 05:03:43,-46.1927,168.8643,47.48,56,17,2.77
33,Buala,SB,2022-10-02 05:03:07,-8.145,159.5921,83.95,68,31,3.51
34,Pathein,MM,2022-10-02 05:04:22,16.7833,94.7333,84.02,80,90,9.86
35,Hofn,IS,2022-10-02 05:03:15,64.2539,-15.2082,46.98,80,100,8.88
36,Korla,CN,2022-10-02 05:04:22,41.7597,86.1469,57.72,15,98,16.22
37,Bambous Virieux,MU,2022-10-02 05:04:23,-20.3428,57.7575,75.22,67,97,12.1
38,Vestmannaeyjar,IS,2022-10-02 05:04:23,63.4427,-20.2734,47.73,81,100,34.0
39,Warrnambool,AU,2022-10-02 05:04:24,-38.3833,142.4833,58.68,66,40,8.12
40,Batangafo,CF,2022-10-02 05:04:24,7.3008,18.2833,70.23,96,98,2.77
41,Lakhipur,IN,2022-10-02 05:04:25,26.0299,90.3041,81.86,84,100,1.41
42,Cockburn Town,TC,2022-10-02 05:04:25,21.4612,-71.1419,83.08,79,95,17.87
43,Faya,SA,2022-10-02 05:04:25,18.3851,42.4509,68.52,43,2,0.6
44,San Cristobal,VE,2022-10-02 05:04:26,7.7669,-72.225,66.38,90,55,2.08
45,Thames,NZ,2022-10-02 05:04:26,-37.1333,175.5333,61.93,94,99,4.18
46,Havelock,US,2022-10-02 05:04:26,34.8791,-76.9013,66.92,92,9,3.15
47,Vaini,TO,2022-10-02 05:04:27,-21.2,-175.2,77.16,78,20,6.91
48,Norman Wells,CA,2022-10-02 05:04:27,65.282,-126.8329,37.36,91,100,24.52
49,Upernavik,GL,2022-10-02 05:04:28,72.7868,-56.1549,20.35,85,17,4.85
50,Souillac,MU,2022-10-02 05:04:28,-20.5167,57.5167,70.05,68,58,12.66
51,Luganville,VU,2022-10-02 05:04:28,-15.5333,167.1667,81.81,69,26,3.87
52,Saint George,US,2022-10-02 05:00:53,37.1041,-113.5841,76.95,35,0,8.05
53,Marietta,US,2022-10-02 05:00:00,33.9526,-84.5499,60.46,81,0,5.01
54,Camacha,PT,2022-10-02 05:04:29,33.0833,-16.3333,65.62,73,20,6.91
55,Faanui,PF,2022-10-02 05:04:29,-16.4833,-151.75,78.42,69,60,13.29
56,Bundaberg,AU,2022-10-02 05:03:09,-24.85,152.35,63.21,96,75,4.0
57,Merauke,ID,2022-10-02 05:04:30,-8.4667,140.3333,81.91,80,90,10.09
58,Adrar,MR,2022-10-02 05:02:21,20.5022,-10.0711,76.8,25,1,8.16
59,Mahebourg,MU,2022-10-02 05:04:30,-20.4081,57.7,75.25,68,88,12.17
60,Taltal,CL,2022-10-02 05:00:32,-25.4,-70.4833,57.43,75,13,2.93
61,Usinsk,RU,2022-10-02 05:04:31,65.9939,57.5281,39.7,94,99,14.29
62,Mwingi,KE,2022-10-02 05:04:31,-0.9344,38.0601,68.27,66,82,6.76
63,Hilo,US,2022-10-02 05:03:48,19.7297,-155.09,75.25,92,99,1.99
64,Igarka,RU,2022-10-02 05:04:32,67.4667,86.5833,33.3,61,77,8.1
65,Kapaa,US,2022-10-02 05:04:32,22.0752,-159.319,82.38,82,20,9.22
66,Bluff,NZ,2022-10-02 05:01:26,-46.6,168.3333,47.8,64,5,5.39
67,Talnakh,RU,2022-10-02 05:04:32,69.4865,88.3972,29.21,92,99,6.42
68,Kedrovyy,RU,2022-10-02 05:04:33,56.1667,91.8167,34.21,67,98,7.96
69,Hobart,AU,2022-10-02 05:04:33,-42.8794,147.3294,64.06,48,75,17.27
70,Black River,JM,2022-10-02 05:04:34,18.0264,-77.8487,76.91,86,91,3.91
71,Rio Grande,BR,2022-10-02 05:04:34,-32.035,-52.0986,56.16,93,5,7.45
72,Port Lincoln,AU,2022-10-02 05:04:34,-34.7333,135.8667,65.98,60,100,9.6
73,Lima,PE,2022-10-02 05:00:04,-12.0432,-77.0282,59.9,85,46,6.4
74,Qaanaaq,GL,2022-10-02 05:04:35,77.484,-69.3632,5.56,68,0,7.63
75,Kieta,PG,2022-10-02 05:04:35,-6.2167,155.6333,82.62,73,17,3.02
76,Salalah,OM,2022-10-02 05:04:36,17.0151,54.0924,82.49,74,75,2.3
77,New Norfolk,AU,2022-10-02 05:04:36,-42.7826,147.0587,63.72,47,86,4.0
78,Meyzieu,FR,2022-10-02 05:04:37,45.7667,5.0,64.11,85,100,4.61
79,Bereznik,RU,2022-10-02 05:04:37,62.8551,42.7072,42.33,91,99,2.89
80,Seymchan,RU,2022-10-02 05:04:38,62.8833,152.4333,29.14,72,100,6.33
81,Geraldton,AU,2022-10-02 05:04:38,-28.7667,114.6,73.81,53,7,17.27
82,Gimli,CA,2022-10-02 05:04:39,50.6336,-96.9907,53.64,87,43,8.63
83,Mukhen,RU,2022-10-02 05:04:39,48.1,136.1,64.24,53,84,8.43
84,Chifeng,CN,2022-10-02 05:04:39,42.2683,118.9636,71.8,47,7,13.49
85,Busselton,AU,2022-10-02 05:04:40,-33.65,115.3333,62.69,50,94,11.05
86,Butaritari,KI,2022-10-02 05:04:40,3.0707,172.7902,82.26,75,24,14.7
87,Daru,PG,2022-10-02 05:04:41,-9.0763,143.2092,79.93,87,100,11.43
88,Samarkand,UZ,2022-10-02 05:04:41,39.6542,66.9597,60.22,29,2,11.5
89,Severo-Kurilsk,RU,2022-10-02 05:04:41,50.6789,156.125,46.45,66,51,27.4
90,Tsumeb,NA,2022-10-02 05:04:42,-19.2333,17.7167,73.85,17,0,11.1
91,Tamale,GH,2022-10-02 05:04:42,9.4008,-0.8393,71.74,97,84,5.46
92,Vostok,RU,2022-10-02 05:04:43,46.4856,135.8833,63.66,47,23,5.75
93,Barsovo,RU,2022-10-02 05:04:43,61.1667,73.1667,32.13,53,83,12.15
94,Tasiilaq,GL,2022-10-02 05:04:43,65.6145,-37.6368,34.79,100,100,4.21
95,Jurm,AF,2022-10-02 05:04:44,36.8648,70.8342,63.48,38,2,1.14
96,Mar Del Plata,AR,2022-10-02 05:00:07,-38.0023,-57.5575,57.09,78,0,4.0
97,Ponta Do Sol,PT,2022-10-02 05:04:44,32.6667,-17.1,68.72,77,18,4.81
98,Bredasdorp,ZA,2022-10-02 05:03:26,-34.5322,20.0403,52.7,86,17,4.59
99,Mount Gambier,AU,2022-10-02 05:04:45,-37.8333,140.7667,62.56,63,100,8.9
100,Bilma,NE,2022-10-02 05:04:45,18.6853,12.9164,85.95,19,4,7.34
101,Victoria,HK,2022-10-02 05:02:23,22.2855,114.1577,91.45,84,11,3.0
102,Bezenchuk,RU,2022-10-02 05:04:46,52.982,49.4333,58.89,61,85,11.65
103,Mackenzie,CA,2022-10-02 05:00:51,55.2999,-123.1698,59.31,63,18,6.53
104,Georgetown,MY,2022-10-02 05:04:46,5.4112,100.3354,87.73,71,20,5.75
105,Kologriv,RU,2022-10-02 05:04:46,58.8275,44.3178,54.68,97,100,7.63
106,Grafton,US,2022-10-02 05:04:47,42.207,-71.6856,55.81,82,75,12.66
107,Chapais,CA,2022-10-02 05:02:46,49.7834,-74.8492,28.94,89,8,4.76
108,Cape Town,ZA,2022-10-02 05:01:26,-33.9258,18.4232,60.12,76,9,1.99
109,Nisia Floresta,BR,2022-10-02 05:04:47,-6.0911,-35.2086,72.41,85,33,7.49
110,Barrow,US,2022-10-02 05:04:19,71.2906,-156.7887,28.42,69,100,14.97
111,Candido Mendes,BR,2022-10-02 05:00:40,-1.4467,-45.7167,77.0,82,35,5.79
112,Ekhabi,RU,2022-10-02 05:04:48,53.5102,142.9671,50.29,48,96,11.27
113,Beringovskiy,RU,2022-10-02 05:04:48,63.05,179.3167,40.41,89,100,15.14
114,Nanortalik,GL,2022-10-02 05:04:49,60.1432,-45.2371,39.33,78,100,2.64
115,Kruisfontein,ZA,2022-10-02 05:04:49,-34.0033,24.7314,57.07,79,26,4.38
116,Lakatoro,VU,2022-10-02 05:04:49,-16.0999,167.4164,81.86,69,25,2.93
117,Bingol,TR,2022-10-02 05:04:50,38.8847,40.4939,64.92,32,0,5.75
118,Izmir,TR,2022-10-02 05:04:50,38.4622,27.0923,80.55,36,75,4.61
119,Houma,US,2022-10-02 05:04:15,29.5958,-90.7195,64.4,81,0,3.44
120,Ballina,AU,2022-10-02 05:00:14,-28.8667,153.5667,62.02,88,100,10.96
121,Nome,US,2022-10-02 05:04:51,64.5011,-165.4064,39.27,66,0,8.05
122,Panarukan,ID,2022-10-02 05:04:51,-7.7018,113.9184,88.03,60,62,6.26
123,Saint-Augustin,CA,2022-10-02 05:04:52,51.226,-58.6502,38.3,62,0,10.09
124,Los Llanos De Aridane,ES,2022-10-02 05:04:52,28.6585,-17.9182,67.75,80,100,8.05
125,Biak,ID,2022-10-02 05:04:53,-0.9131,122.8766,85.71,57,87,2.21
126,Mahdasht,IR,2022-10-02 05:04:53,35.7299,50.8111,71.82,36,0,11.07
127,Vanavara,RU,2022-10-02 05:04:53,60.34,102.2797,34.05,65,100,8.08
128,Orange Cove,US,2022-10-02 05:04:54,36.6244,-119.3137,78.6,41,0,8.05
129,Saint Pete Beach,US,2022-10-02 05:04:54,27.7253,-82.7412,75.99,78,0,5.75
130,Okhotsk,RU,2022-10-02 05:04:55,59.3833,143.3,42.06,43,54,4.32
131,Kaoma,ZM,2022-10-02 05:04:55,-14.7833,24.8,67.41,36,5,8.08
132,Irbit,RU,2022-10-02 05:04:55,57.6705,63.071,42.26,60,67,9.44
133,Kumbo,CM,2022-10-02 05:04:56,6.2,10.6667,57.74,93,100,2.46
134,Grand Gaube,MU,2022-10-02 05:04:56,-20.0064,57.6608,75.38,53,30,11.01
135,Manyana,BW,2022-10-02 05:04:57,-23.4,21.7167,67.75,29,53,5.32
136,Phayao,TH,2022-10-02 05:04:57,19.25,100.25,76.21,95,100,3.22
137,Albany,US,2022-10-02 05:02:55,42.6001,-73.9662,54.36,81,41,9.17
138,Antofagasta,CL,2022-10-02 05:04:58,-23.65,-70.4,56.48,73,34,3.42
139,Pietarsaari,FI,2022-10-02 05:04:58,63.65,22.6833,48.33,93,100,10.89
140,Orkney,ZA,2022-10-02 05:04:58,-26.9802,26.6727,67.98,27,25,2.91
141,Nikolskoye,RU,2022-10-02 05:03:01,59.7035,30.7861,42.78,92,100,2.93
142,Yellowknife,CA,2022-10-02 05:04:59,62.456,-114.3525,57.72,72,75,11.5
143,Waspan,NI,2022-10-02 05:04:59,14.7419,-83.9717,73.38,96,100,4.88
144,Thunder Bay,CA,2022-10-02 05:05:00,48.4001,-89.3168,45.64,78,93,6.51
145,Miri,MY,2022-10-02 05:05:00,4.4148,114.0089,85.91,72,99,6.04
146,Cururupu,BR,2022-10-02 05:05:00,-1.8283,-44.8683,76.87,83,26,5.14
147,Jacmel,HT,2022-10-02 05:05:01,18.2342,-72.5347,78.64,87,72,5.44
148,Nizhniy Tsasuchey,RU,2022-10-02 05:05:01,50.5167,115.1333,41.2,27,93,17.98
149,Aklavik,CA,2022-10-02 05:05:02,68.2191,-135.0107,29.95,93,100,14.76
150,Mayor Pablo Lagerenza,PY,2022-10-02 05:05:02,-19.9309,-60.7718,71.78,58,6,5.06
151,Nabire,ID,2022-10-02 05:05:03,-3.3667,135.4833,84.25,71,76,3.31
152,Juneau,US,2022-10-02 05:05:03,58.3019,-134.4197,51.22,94,100,5.75
153,Americana,BR,2022-10-02 05:05:04,-22.7392,-47.3314,65.5,87,0,5.01
154,Chokurdakh,RU,2022-10-02 05:05:04,70.6333,147.9167,25.61,70,100,8.55
155,Aykhal,RU,2022-10-02 05:05:05,66.0,111.5,25.16,91,100,15.84
156,Batagay,RU,2022-10-02 05:05:05,67.6333,134.6333,27.54,71,100,0.98
157,Novi Ligure,IT,2022-10-02 05:05:06,44.7608,8.7896,64.27,29,73,3.09
158,Boa Esperanca,BR,2022-10-02 05:05:06,-21.09,-45.5658,64.49,90,3,2.51
159,Lobva,RU,2022-10-02 05:05:07,59.1854,60.5185,41.09,81,99,6.2
160,Tiksi,RU,2022-10-02 05:05:07,71.6872,128.8694,22.62,84,99,16.67
161,Chernyshevskiy,RU,2022-10-02 05:05:07,63.0128,112.4714,29.23,68,89,6.31
162,Auki,SB,2022-10-02 05:05:08,-8.7676,160.7034,82.99,71,37,1.77
163,Tual,ID,2022-10-02 05:05:08,-5.6667,132.75,83.55,67,100,4.88
164,Khatanga,RU,2022-10-02 05:05:09,71.9667,102.5,24.04,96,100,11.07
165,Nioki,CD,2022-10-02 05:05:09,-2.7167,17.6833,70.65,99,100,0.98
166,Sao Filipe,CV,2022-10-02 05:05:10,14.8961,-24.4956,77.74,72,26,9.75
167,Kaitangata,NZ,2022-10-02 05:05:10,-46.2817,169.8464,53.06,69,45,6.69
168,Cadillac,US,2022-10-02 05:05:10,44.2519,-85.4012,51.71,87,0,9.22
169,Puerto Ayacucho,VE,2022-10-02 05:05:11,5.6639,-67.6236,72.86,96,100,1.86
170,Saint-Paul,RE,2022-10-02 05:05:11,-21.0096,55.2707,75.31,69,72,4.52
171,Yarada,IN,2022-10-02 05:05:12,17.65,83.2667,86.32,74,75,3.44
172,Jamestown,US,2022-10-02 05:05:12,42.097,-79.2353,55.02,72,100,12.66
173,Neuquen,AR,2022-10-02 05:05:13,-38.9516,-68.0591,60.69,48,0,6.91
174,Newport,GB,2022-10-02 05:00:49,51.5877,-2.9984,57.63,87,100,7.25
175,Poya,NC,2022-10-02 05:05:13,-21.35,165.15,75.16,56,65,6.11
176,Lavrentiya,RU,2022-10-02 05:05:14,65.5833,-171.0,35.64,77,14,9.51
177,San Patricio,US,2022-10-02 05:05:14,28.017,-97.5169,76.86,60,3,7.0
178,Pevek,RU,2022-10-02 05:05:14,69.7008,170.3133,32.85,81,100,3.2
179,Kodiak,US,2022-10-02 05:05:15,57.79,-152.4072,47.71,87,20,5.75
180,Panji,ID,2022-10-02 05:05:15,-7.7253,114.0995,89.28,55,50,7.11
181,Waitara,NZ,2022-10-02 05:05:16,-38.925,174.25,55.0,95,80,8.12
182,Bac Lieu,VN,2022-10-02 05:05:16,9.285,105.7244,83.57,74,100,5.64
183,Chateauroux,FR,2022-10-02 05:05:16,46.8167,1.7,60.8,94,100,16.11
184,Colac,AU,2022-10-02 05:05:17,-38.3333,143.5833,63.18,40,14,5.46
185,Jiuquan,CN,2022-10-02 05:05:17,39.7432,98.5174,45.27,16,100,10.94
186,Kahului,US,2022-10-02 05:05:18,20.8947,-156.47,80.62,75,20,12.66
187,Pimentel,PE,2022-10-02 05:05:18,-6.8367,-79.9342,61.34,88,35,12.62
188,Laredo,US,2022-10-02 05:05:19,27.5064,-99.5075,73.69,56,0,8.05
189,Chelno-Vershiny,RU,2022-10-02 05:05:19,54.4333,51.1,52.47,61,100,14.38
190,Praia,CV,2022-10-02 05:05:20,14.9215,-23.5087,76.84,78,55,7.85
191,Waipawa,NZ,2022-10-02 05:05:20,-41.4122,175.5153,48.27,98,100,10.96
192,Carutapera,BR,2022-10-02 05:05:21,-1.195,-46.02,78.51,79,29,8.84
193,Dikson,RU,2022-10-02 05:05:21,73.5069,80.5464,34.12,90,98,13.24
194,Comodoro Rivadavia,AR,2022-10-02 05:05:21,-45.8667,-67.5,46.26,76,0,0.0
195,Lere,NG,2022-10-02 05:05:22,10.387,8.5726,68.16,91,97,4.0
196,Corrente,BR,2022-10-02 05:05:22,-3.7367,-43.3394,72.01,94,29,2.53
197,Pangnirtung,CA,2022-10-02 05:05:23,66.1451,-65.7125,29.55,49,0,4.97
198,Saint-Joseph,RE,2022-10-02 05:05:23,-21.3667,55.6167,73.78,67,38,10.51
199,Airai,TL,2022-10-02 05:05:24,-8.9266,125.4092,71.51,72,66,1.66
200,Santa Lucia,ES,2022-10-02 05:05:24,27.9117,-15.5407,63.72,78,20,12.66
201,La Libertad,EC,2022-10-02 05:01:16,-2.2333,-80.9,67.96,83,81,6.67
202,San Bartolome De Tirajana,ES,2022-10-02 05:05:25,27.9248,-15.5733,61.27,79,20,12.66
203,Coihaique,CL,2022-10-02 05:05:25,-45.5752,-72.0662,39.81,81,0,0.0
204,Port Elizabeth,ZA,2022-10-02 05:05:26,-33.918,25.5701,58.32,89,28,3.0
205,Hami,CN,2022-10-02 05:05:26,42.8,93.45,52.72,15,93,8.21
206,Chuy,UY,2022-10-02 05:05:26,-33.6971,-53.4616,52.29,93,83,2.82
207,Cidreira,BR,2022-10-02 05:05:27,-30.1811,-50.2056,56.7,93,5,8.39
208,Atuona,PF,2022-10-02 05:05:27,-9.8,-139.0333,77.05,72,3,17.85
209,Cherskiy,RU,2022-10-02 05:05:28,68.75,161.3,31.95,98,100,2.21
210,Mango,US,2022-10-02 05:05:28,27.9797,-82.3065,70.86,90,0,0.0
211,Tampin,MY,2022-10-02 05:05:29,2.4701,102.2302,79.36,82,100,2.19
212,Ratnagiri,IN,2022-10-02 05:05:29,16.9833,73.3,81.1,79,45,4.99
213,Muzhi,RU,2022-10-02 05:05:29,65.3667,64.6667,36.91,82,91,10.09
214,Yuanping,CN,2022-10-02 05:05:30,38.7153,112.7575,71.47,61,72,5.37
215,Port Blair,IN,2022-10-02 05:05:30,11.6667,92.75,84.96,74,60,16.62
216,Kabanjahe,ID,2022-10-02 05:05:30,3.1001,98.4908,71.24,83,99,2.04
217,East London,ZA,2022-10-02 05:05:31,-33.0153,27.9116,64.45,81,52,7.27
218,Taunggyi,MM,2022-10-02 05:05:31,20.7833,97.0333,70.11,87,100,6.2
219,Esperance,AU,2022-10-02 05:05:31,-33.8667,121.9,57.04,72,100,19.71
220,Polohy,UA,2022-10-02 05:05:32,47.4844,36.2536,66.72,73,100,11.88
221,Alofi,NU,2022-10-02 05:05:32,-19.0595,-169.9187,75.22,73,51,20.02
222,Porto Novo,BJ,2022-10-02 05:05:32,6.4965,2.6036,74.71,93,92,3.4
223,Madang,PG,2022-10-02 05:05:33,-5.2246,145.7966,85.51,65,39,8.25
224,Lethem,GY,2022-10-02 05:05:33,3.3803,-59.7968,77.43,71,48,6.22
225,Kodinsk,RU,2022-10-02 05:05:34,58.6881,99.1844,39.27,52,97,8.93
226,Rocha,UY,2022-10-02 05:05:34,-34.4833,-54.3333,48.09,89,86,2.53
227,Kulhudhuffushi,MV,2022-10-02 05:05:35,6.6221,73.07,81.05,78,100,15.99
228,Great Yarmouth,GB,2022-10-02 05:05:35,52.6083,1.7305,52.45,90,95,13.0
229,Mayumba,GA,2022-10-02 05:05:36,-3.432,10.6554,75.24,90,100,4.12
230,Gat,IL,2022-10-02 05:03:37,31.61,34.7642,80.4,81,0,3.8
231,Kavieng,PG,2022-10-02 05:02:54,-2.5744,150.7967,84.43,69,47,9.64
232,Avarua,CK,2022-10-02 05:04:19,-21.2078,-159.775,71.65,60,40,10.36
233,Provideniya,RU,2022-10-02 05:05:36,64.3833,-173.3,38.07,75,60,11.83
234,Yurga,RU,2022-10-02 05:05:37,55.7231,84.8861,38.57,63,16,2.06
235,Saint-Philippe,RE,2022-10-02 05:05:37,-21.3585,55.7679,74.79,72,53,11.12
236,Kauswagan,PH,2022-10-02 05:05:38,8.1917,124.0847,85.68,73,93,7.45
237,Aswan,EG,2022-10-02 05:03:42,24.0934,32.907,85.87,27,0,9.22
238,Ventersburg,ZA,2022-10-02 05:05:38,-28.0856,27.1381,61.3,62,46,7.61
239,Laguna,US,2022-10-02 05:05:38,38.421,-121.4238,67.96,81,0,10.36
240,El Carmen,CO,2022-10-02 05:05:39,8.5106,-73.4478,66.6,92,85,2.62
241,Goderich,CA,2022-10-02 05:05:39,43.7501,-81.7165,54.91,80,1,17.38
242,Bonthe,SL,2022-10-02 05:05:40,7.5264,-12.505,74.91,91,99,8.63
243,Shimoda,JP,2022-10-02 05:05:40,34.6667,138.95,79.11,55,24,9.57
244,Thompson,CA,2022-10-02 05:05:41,55.7435,-97.8558,44.83,39,78,7.45
245,Calbuco,CL,2022-10-02 05:05:41,-41.768,-73.1273,40.21,82,100,8.75
246,Harper,LR,2022-10-02 05:02:11,4.375,-7.7169,75.06,91,100,9.46
247,Kitimat,CA,2022-10-02 05:05:41,54.0524,-128.6534,56.91,24,100,2.73
248,Tabou,CI,2022-10-02 05:05:42,4.423,-7.3528,74.95,91,100,8.14
249,Kaeo,NZ,2022-10-02 05:05:42,-35.1,173.7833,65.32,84,46,13.82
250,Seoul,KR,2022-10-02 05:05:06,37.5683,126.9778,74.64,64,75,5.75
251,Sitka,US,2022-10-02 05:05:43,57.0531,-135.33,48.09,87,20,5.75
252,Lakinsk,RU,2022-10-02 05:05:43,56.0193,39.9485,52.03,89,77,11.65
253,Monte San Giovanni Campano,IT,2022-10-02 05:05:44,41.6406,13.5137,58.01,89,0,2.24
254,Akhmim,EG,2022-10-02 05:05:44,26.5622,31.745,81.23,35,0,11.7
255,Sambava,MG,2022-10-02 05:05:44,-14.2667,50.1667,73.24,66,61,11.23
256,Luena,AO,2022-10-02 05:05:45,-11.7833,19.9167,61.16,69,69,0.29
257,Verkhnyaya Toyma,RU,2022-10-02 05:05:45,62.2349,44.9985,45.14,93,100,7.43
258,Boguchany,RU,2022-10-02 05:05:46,58.3814,97.4531,39.36,54,100,9.46
259,Tra Vinh,VN,2022-10-02 05:05:46,9.9347,106.3453,80.64,84,100,1.12
260,Shubarshi,KZ,2022-10-02 05:05:46,48.5872,57.1869,52.39,21,96,15.1
261,Juan Lacaze,UY,2022-10-02 05:05:47,-34.4342,-57.4381,53.11,80,52,9.06
262,Riyadh,SA,2022-10-02 05:03:32,24.6877,46.7219,85.01,14,0,3.04
263,Anadyr,RU,2022-10-02 05:05:47,64.75,177.4833,39.0,69,100,3.13
264,Rodrigues Alves,BR,2022-10-02 05:05:48,-7.738,-72.6509,73.15,77,100,1.72
265,Unhel,IN,2022-10-02 05:05:48,23.3333,75.5667,82.72,57,0,10.58
266,Vanderhoof,CA,2022-10-02 05:04:42,54.0166,-124.0198,58.66,57,4,2.64
267,Namatanai,PG,2022-10-02 05:05:49,-3.6667,152.4333,85.12,64,10,7.43
268,Hithadhoo,MV,2022-10-02 05:05:49,-0.6,73.0833,81.79,69,78,16.15
269,Gawler,AU,2022-10-02 05:05:50,-34.6,138.7333,77.49,36,78,4.23
270,Kurilsk,RU,2022-10-02 05:05:50,45.2333,147.8833,52.39,68,57,9.06
271,Nouadhibou,MR,2022-10-02 05:05:50,20.931,-17.0347,70.07,79,0,17.96
272,Buta,CD,2022-10-02 05:05:51,2.7858,24.73,69.85,99,100,2.15
273,Sibolga,ID,2022-10-02 05:05:51,1.7427,98.7792,78.57,88,100,1.32
274,Belaya Gora,RU,2022-10-02 05:05:52,68.5333,146.4167,27.63,66,98,3.94
275,Constitucion,CL,2022-10-02 05:05:52,-35.3333,-72.4167,54.23,78,6,4.25
276,Dzaoudzi,YT,2022-10-02 05:05:52,-12.7887,45.2699,78.69,73,40,2.3
277,Khasan,RU,2022-10-02 05:05:53,42.4308,130.6434,62.13,93,100,13.09
278,Harrisonburg,US,2022-10-02 05:05:53,38.4496,-78.8689,55.27,98,100,0.0
279,Talara,PE,2022-10-02 05:05:54,-4.5772,-81.2719,64.0,83,18,16.96
280,Portland,US,2022-10-02 05:01:19,45.5234,-122.6762,73.09,64,0,5.99
281,Pacific Grove,US,2022-10-02 05:01:32,36.6177,-121.9166,62.02,86,77,3.0
282,Road Town,VG,2022-10-02 05:05:54,18.4167,-64.6167,84.29,77,82,13.0
283,Ankpa,NG,2022-10-02 05:05:55,7.3706,7.6253,69.24,99,97,3.53
284,Verkhnevilyuysk,RU,2022-10-02 05:05:55,63.4453,120.3167,30.9,51,87,5.41
285,Dubovskoye,RU,2022-10-02 05:05:56,47.4092,42.7575,68.58,54,100,7.96
286,Hirara,JP,2022-10-02 05:05:56,24.8,125.2833,82.36,75,2,9.08
287,Waingapu,ID,2022-10-02 05:05:57,-9.6567,120.2641,85.14,66,73,8.9
288,Cabo San Lucas,MX,2022-10-02 05:04:09,22.8909,-109.9124,80.62,75,50,4.05
289,Anaconda,US,2022-10-02 05:05:57,46.1285,-112.9423,47.39,97,100,0.94
290,Montes Altos,BR,2022-10-02 05:05:57,-5.8333,-47.0667,73.85,48,6,4.23
291,Sao Lourenco Do Oeste,BR,2022-10-02 05:05:58,-26.3592,-52.8511,51.75,95,0,2.91
292,Isangel,VU,2022-10-02 05:05:58,-19.55,169.2667,79.59,75,87,1.66
293,Sechura,PE,2022-10-02 05:05:59,-5.5569,-80.8222,62.19,85,5,11.12
294,Katobu,ID,2022-10-02 05:05:59,-4.9408,122.5276,90.21,55,98,3.91
295,Ust-Nera,RU,2022-10-02 05:05:59,64.5667,143.2,25.47,86,100,3.42
296,Vao,NC,2022-10-02 05:06:00,-22.6667,167.4833,70.57,70,87,7.2
297,Jiaozuo,CN,2022-10-02 05:06:00,35.2397,113.2331,76.44,70,95,3.71
298,Port Hedland,AU,2022-10-02 05:02:39,-20.3167,118.5667,82.45,57,75,17.27
299,Morehead,US,2022-10-02 05:06:01,37.2711,-87.1764,59.79,80,0,0.0
300,Ugoofaaru,MV,2022-10-02 05:06:01,5.6667,73.0,82.08,74,100,17.29
301,Muroto,JP,2022-10-02 05:06:02,33.2833,134.15,77.23,66,4,5.95
302,Los Alamos,US,2022-10-02 05:01:31,35.8881,-106.307,58.05,62,0,8.05
303,Amursk,RU,2022-10-02 05:06:02,50.2261,136.8994,54.72,65,99,14.92
304,Haines Junction,CA,2022-10-02 05:06:03,60.7522,-137.5108,39.38,96,100,5.32
305,Macon,US,2022-10-02 05:06:03,39.8667,-88.9668,55.26,81,0,8.05
306,Broome,US,2022-10-02 05:06:03,42.2506,-75.833,58.01,80,75,9.22
307,Sawakin,SD,2022-10-02 05:06:04,19.1059,37.3321,86.59,55,1,6.51
308,Carnarvon,AU,2022-10-02 05:06:04,-24.8667,113.6333,74.07,55,1,15.43
309,Pandan,PH,2022-10-02 05:06:05,14.0453,124.1694,83.59,83,99,12.12
310,Iskateley,RU,2022-10-02 05:05:26,67.6803,53.1512,38.68,93,95,11.32
311,Puerto Cabezas,NI,2022-10-02 05:06:05,14.0351,-83.3888,76.3,91,87,8.52
312,Lasa,IT,2022-10-02 05:06:06,46.6166,10.7002,46.36,97,79,6.55
313,Diffa,NE,2022-10-02 05:06:06,13.3154,12.6113,84.92,43,59,7.76
314,Bardiyah,LY,2022-10-02 05:06:07,31.7561,25.0865,82.17,45,0,9.42
315,Rincon,US,2022-10-02 05:04:21,32.296,-81.2354,65.86,88,100,3.44
316,Yar-Sale,RU,2022-10-02 05:06:07,66.8333,70.8333,33.35,97,100,15.28
317,Arrecife,ES,2022-10-02 05:06:08,28.963,-13.5477,69.78,88,20,4.61
318,Grants,US,2022-10-02 05:06:08,35.1473,-107.8514,59.23,58,40,10.36
319,Longyearbyen,SJ,2022-10-02 05:06:08,78.2186,15.6401,35.44,87,75,0.0
320,Buffalo,US,2022-10-02 05:01:51,42.8865,-78.8784,57.52,77,75,17.27
321,Nemuro,JP,2022-10-02 05:06:09,43.3236,145.575,57.76,74,90,15.7
322,Tilichiki,RU,2022-10-02 05:06:09,60.4667,166.1,34.9,87,97,6.44
323,Tuktoyaktuk,CA,2022-10-02 05:03:20,69.4541,-133.0374,29.66,83,100,17.58
324,Santa Maria,BR,2022-10-02 05:04:14,-29.6842,-53.8069,52.14,92,13,3.8
325,Avera,US,2022-10-02 05:06:10,33.194,-82.5271,65.71,80,22,7.83
326,Kongolo,CD,2022-10-02 05:06:10,-5.3833,27.0,71.42,82,86,1.54
327,Svetlogorsk,BY,2022-10-02 05:06:11,52.6333,29.7333,50.7,90,100,9.91
328,Luzilandia,BR,2022-10-02 05:06:11,-3.4578,-42.3703,72.25,91,51,3.98
329,Honiara,SB,2022-10-02 05:06:12,-9.4333,159.95,83.25,74,49,2.08
330,Arraial Do Cabo,BR,2022-10-02 05:06:12,-22.9661,-42.0278,67.48,88,42,15.05
331,Yerbogachen,RU,2022-10-02 05:06:12,61.2767,108.0108,31.66,73,99,7.96
332,Husavik,IS,2022-10-02 05:06:13,66.0449,-17.3389,44.67,92,100,5.44
333,Sadao,TH,2022-10-02 05:06:13,6.6388,100.4234,87.62,60,93,7.18
334,Abong Mbang,CM,2022-10-02 05:06:14,3.9833,13.1833,66.52,100,100,2.44
335,Manokwari,ID,2022-10-02 05:06:14,-0.8667,134.0833,84.24,66,51,9.75
336,Palu,ID,2022-10-02 05:06:14,-0.8917,119.8707,87.01,72,60,4.0
337,Sagar,IN,2022-10-02 05:06:15,23.8333,78.7167,82.42,58,43,11.77
338,Talcahuano,CL,2022-10-02 05:06:15,-36.7167,-73.1167,51.48,93,100,6.91
339,Santa Fe,AR,2022-10-02 05:03:08,-31.6333,-60.7,62.02,77,0,3.0
340,Trelew,AR,2022-10-02 05:01:36,-43.249,-65.3051,50.07,66,100,7.52
341,Buncrana,IE,2022-10-02 05:06:16,55.1333,-7.45,50.9,83,32,9.31
342,Hualmay,PE,2022-10-02 05:06:16,-11.0964,-77.6139,61.74,84,59,9.31
343,Pangody,RU,2022-10-02 05:06:16,65.85,74.4859,33.1,60,100,15.43
344,Balad,IQ,2022-10-02 05:06:17,34.0164,44.1453,86.85,15,0,4.27
345,Yarmouth,US,2022-10-02 05:06:17,41.7057,-70.2286,60.94,94,100,12.66
346,Half Moon Bay,US,2022-10-02 05:06:15,37.4636,-122.4286,64.02,85,100,9.22
347,Cayenne,GF,2022-10-02 05:06:18,4.9333,-52.3333,75.24,94,0,2.3
348,Susanville,US,2022-10-02 05:04:08,40.4163,-120.653,60.12,47,0,6.91
349,Okato,NZ,2022-10-02 05:06:18,-39.2,173.8833,53.69,92,88,11.79
350,Mogadishu,SO,2022-10-02 05:06:19,2.0371,45.3438,78.62,75,52,15.08
351,Lixourion,GR,2022-10-02 05:06:19,38.2019,20.4314,70.02,67,25,20.94
352,Luderitz,NA,2022-10-02 05:06:20,-26.6481,15.1594,58.64,66,0,9.98
353,Iqaluit,CA,2022-10-02 05:06:20,63.7506,-68.5145,25.7,86,46,15.01
354,Canutama,BR,2022-10-02 05:06:20,-6.5339,-64.3831,71.82,96,99,0.13
355,Parrita,CR,2022-10-02 05:06:21,9.5201,-84.3225,75.69,85,100,3.71
356,Hasaki,JP,2022-10-02 05:06:21,35.7333,140.8333,82.22,57,59,10.31
357,Codrington,AU,2022-10-02 05:06:22,-38.2667,141.9667,59.36,70,79,8.43
358,Polovinnoye,RU,2022-10-02 05:06:22,54.7914,65.9864,38.73,38,100,10.58
359,Borsele,NL,2022-10-02 05:06:23,51.4419,3.8113,60.03,92,100,12.46
360,Mareeba,AU,2022-10-02 05:06:23,-17.0,145.4333,87.44,55,51,8.86
361,Touros,BR,2022-10-02 05:06:23,-5.1989,-35.4608,75.52,81,12,14.79
362,Lerwick,GB,2022-10-02 05:06:24,60.1545,-1.1494,53.6,86,100,20.42
363,Kuldur,RU,2022-10-02 05:06:24,49.2167,131.6333,52.83,69,100,5.86
364,Lorengau,PG,2022-10-02 05:06:25,-2.0226,147.2712,84.49,71,43,9.28
365,Arlit,NE,2022-10-02 05:06:25,18.7369,7.3853,87.87,32,3,7.34
366,Kralendijk,BQ,2022-10-02 05:06:25,12.15,-68.2667,84.18,84,40,12.66
367,Jumla,NP,2022-10-02 05:06:26,29.2747,82.1838,68.47,59,49,3.98
368,Saint Anthony,US,2022-10-02 05:06:26,45.0205,-93.218,58.84,81,20,6.91
369,Lata,PT,2022-10-02 05:06:27,40.1629,-8.3327,52.07,52,28,4.14
370,Clarksburg,US,2022-10-02 05:02:38,39.2807,-80.3445,53.29,99,100,8.79
371,Punta De Piedra,VE,2022-10-02 05:06:27,7.6176,-71.4916,70.27,97,89,1.21
372,Raga,SS,2022-10-02 05:06:27,8.4596,25.678,71.11,93,17,2.39
373,Saldanha,ZA,2022-10-02 05:06:28,-33.0117,17.9442,57.43,75,21,1.7
374,Redmond,US,2022-10-02 05:04:55,47.674,-122.1215,66.72,77,0,3.56
375,Wattegama,LK,2022-10-02 05:06:28,6.7989,81.4808,92.8,40,93,7.83
376,De Haan,BE,2022-10-02 05:06:29,51.272,3.0429,60.78,88,40,11.5
377,Sanandaj,IR,2022-10-02 05:06:29,35.3144,46.9923,65.16,31,0,5.88
378,Ahipara,NZ,2022-10-02 05:06:29,-35.1667,173.1667,59.99,94,79,13.4
379,Berlevag,NO,2022-10-02 05:06:30,70.8578,29.0864,39.2,93,100,4.61
380,Leningradskiy,RU,2022-10-02 05:06:30,69.3833,178.4167,27.34,79,100,6.96
381,Baytown,US,2022-10-02 05:05:28,29.7355,-94.9774,69.17,78,0,2.26
382,Olafsvik,IS,2022-10-02 05:06:30,64.8945,-23.7142,46.6,88,100,3.78
383,Boa Vista,BR,2022-10-02 05:06:06,2.8197,-60.6733,80.58,74,40,2.3
384,Limoux,FR,2022-10-02 05:01:37,42.9167,2.1667,63.7,94,44,3.4
385,Sistranda,NO,2022-10-02 05:06:31,63.7256,8.834,49.96,79,100,5.39
386,Xuddur,SO,2022-10-02 05:06:31,4.1213,43.8894,75.58,55,35,15.59
387,La Asuncion,VE,2022-10-02 05:06:32,11.0333,-63.8628,80.06,89,100,10.54
388,Nelson Bay,AU,2022-10-02 05:01:39,-32.7167,152.15,65.08,63,19,8.01
389,Port Hardy,CA,2022-10-02 05:06:32,50.6996,-127.4199,55.49,89,1,5.26
390,Drovyanaya,RU,2022-10-02 05:06:33,51.5833,113.0333,36.93,33,100,15.64
391,Sokoto,NG,2022-10-02 05:06:33,13.0609,5.239,77.16,76,61,7.45
392,Ust-Maya,RU,2022-10-02 05:06:33,60.4167,134.5333,32.85,46,100,7.65
393,Sao Sebastiao Do Paraiso,BR,2022-10-02 05:06:34,-20.9169,-46.9914,63.23,89,3,2.1
394,Pondicherry,IN,2022-10-02 05:06:34,11.93,79.83,88.18,58,40,9.22
395,Zhanakorgan,KZ,2022-10-02 05:06:35,43.9098,67.2495,54.77,19,0,5.79
396,Eureka,US,2022-10-02 05:06:35,40.8021,-124.1637,58.93,87,53,5.01
397,Mikumi,TZ,2022-10-02 05:06:36,-7.4041,36.9831,70.07,77,73,2.51
398,Sungaipenuh,ID,2022-10-02 05:06:36,-2.0833,101.3833,66.42,99,100,0.38
399,Khlevnoye,RU,2022-10-02 05:06:36,52.1951,39.0932,57.22,88,90,3.74
400,Fugen,AT,2022-10-02 05:06:37,47.35,11.85,52.12,97,100,2.77
401,Challapata,BO,2022-10-02 05:06:37,-18.9,-66.7667,45.95,63,10,4.36
402,Bull Savanna,JM,2022-10-02 05:06:38,17.8868,-77.5902,75.11,87,98,6.33
403,Optasi,RO,2022-10-02 05:06:38,44.5833,24.65,60.22,71,35,12.77
404,Rawson,AR,2022-10-02 05:06:39,-43.3002,-65.1023,49.89,69,100,7.11
405,Ziarat,PK,2022-10-02 05:06:39,30.3823,67.7282,63.52,22,0,3.94
406,Kinkala,CG,2022-10-02 05:06:39,-4.3614,14.7644,71.13,91,98,1.5
407,Parabita,IT,2022-10-02 05:06:40,40.0519,18.1295,71.31,72,0,11.18
408,Sobolevo,RU,2022-10-02 05:06:40,54.4299,31.8996,43.72,96,82,2.66
409,Tsabong,BW,2022-10-02 05:06:41,-26.0217,22.401,69.57,12,16,9.17
410,Tuatapere,NZ,2022-10-02 05:06:41,-46.1333,167.6833,51.39,69,18,3.98
411,Kyra,RU,2022-10-02 05:06:42,49.5776,111.9753,36.88,28,100,14.65
412,Berbera,SO,2022-10-02 05:06:42,10.4396,45.0143,90.36,55,24,0.83
413,Ayaviri,PE,2022-10-02 05:06:42,-14.8864,-70.5889,43.97,73,36,3.65
414,Banes,CU,2022-10-02 05:06:09,20.9625,-75.7186,75.13,89,81,4.03
415,Mount Isa,AU,2022-10-02 05:06:43,-20.7333,139.5,87.57,16,90,6.91
416,Puerto Baquerizo Moreno,EC,2022-10-02 05:02:48,-0.9,-89.6,67.37,89,100,11.32
417,Ouesso,CG,2022-10-02 05:06:43,1.6136,16.0517,68.5,98,98,2.21
418,Pinega,RU,2022-10-02 05:06:44,64.7001,43.3936,41.83,94,99,2.8
419,Odweyne,SO,2022-10-02 05:06:44,9.4092,45.064,76.95,47,89,16.6
420,Yarkovo,RU,2022-10-02 05:06:45,57.4028,67.0786,40.17,43,16,9.78
421,Lieksa,FI,2022-10-02 05:06:45,63.3167,30.0167,43.75,94,100,5.26
422,Zaozerne,UA,2022-10-02 05:06:45,45.1582,33.2787,69.01,74,82,14.74
423,Meiganga,CM,2022-10-02 05:06:46,6.5167,14.3,64.58,96,100,1.86
424,Port Keats,AU,2022-10-02 05:06:46,-14.25,129.55,88.0,46,100,7.99
425,Puerto El Triunfo,SV,2022-10-02 05:06:47,13.2833,-88.55,75.97,92,100,4.27
426,Beloha,MG,2022-10-02 05:06:47,-25.1667,45.05,78.8,43,2,3.49
427,Kasongo-Lunda,CD,2022-10-02 05:02:16,-6.4667,16.8167,70.14,97,100,0.83
428,Fortuna,US,2022-10-02 05:06:47,40.5982,-124.1573,58.66,86,60,2.06
429,Aksu,CN,2022-10-02 05:06:48,41.1231,80.2644,60.85,39,70,11.39
430,Kangaatsiaq,GL,2022-10-02 05:06:48,68.3065,-53.4641,32.2,73,30,5.48
431,Meulaboh,ID,2022-10-02 05:06:48,4.1363,96.1285,84.33,65,100,7.72
432,Forbes,AU,2022-10-02 05:06:49,-33.3833,148.0167,63.34,53,25,7.99
433,Uniontown,US,2022-10-02 05:06:49,39.9001,-79.7164,53.62,76,100,1.01
434,Banda Aceh,ID,2022-10-02 05:06:49,5.5577,95.3222,85.15,65,100,10.22
435,Cotonou,BJ,2022-10-02 05:06:50,6.3654,2.4183,76.37,88,95,4.88
436,Ranchpar,AM,2022-10-02 05:06:50,40.0275,44.367,69.35,48,0,0.0
437,Krasnoarmeysk,RU,2022-10-02 05:06:51,51.0239,45.6969,58.89,82,100,8.81
438,Taoudenni,ML,2022-10-02 05:06:51,22.6783,-3.9836,83.07,39,77,9.71
439,Chillan,CL,2022-10-02 05:06:52,-36.6066,-72.1034,44.92,100,0,0.0
440,Batticaloa,LK,2022-10-02 05:06:52,7.7102,81.6924,90.68,49,100,18.75
441,Arequipa,PE,2022-10-02 05:04:59,-16.3989,-71.535,56.08,24,34,1.19
442,Dalvik,IS,2022-10-02 05:06:53,65.9702,-18.5286,45.55,93,100,3.4
443,Namibe,AO,2022-10-02 05:06:53,-15.1961,12.1522,63.21,92,26,3.2
444,Karratha,AU,2022-10-02 05:06:54,-20.7377,116.8463,83.97,39,0,20.4
445,Ampanihy,MG,2022-10-02 05:06:54,-24.7,44.75,79.75,37,1,5.91
446,Tanout,NE,2022-10-02 05:06:54,14.9709,8.8879,86.43,37,6,5.23
447,Evensk,RU,2022-10-02 05:06:55,61.95,159.2333,33.96,79,99,6.42
448,Arsk,RU,2022-10-02 05:06:55,56.0915,49.8778,54.01,85,99,15.95
449,Ancud,CL,2022-10-02 05:06:56,-41.8697,-73.8203,44.44,67,100,3.91
450,Gravdal,NO,2022-10-02 05:06:56,68.1214,13.5031,46.85,71,81,5.61
451,Akot,IN,2022-10-02 05:06:56,21.0964,77.0586,84.36,61,63,12.39
452,Susuman,RU,2022-10-02 05:06:57,62.7833,148.1667,26.37,63,100,3.09
453,Mattru,SL,2022-10-02 05:06:57,7.6244,-11.8332,71.69,98,96,1.81
454,Tukrah,LY,2022-10-02 05:06:58,32.5341,20.5791,77.61,89,1,10.13
455,Adeje,ES,2022-10-02 05:06:58,28.1227,-16.726,68.88,68,20,6.91
456,Minab,IR,2022-10-02 05:06:58,27.1467,57.0801,87.28,63,0,3.13
457,Egvekinot,RU,2022-10-02 05:06:59,66.3167,-179.1667,26.29,78,98,5.19
458,San Rafael,AR,2022-10-02 05:03:07,-34.6177,-68.3301,62.8,34,37,5.32
459,Kalmunai,LK,2022-10-02 05:06:59,7.4167,81.8167,90.81,47,93,8.28
460,Hamilton,US,2022-10-02 05:06:15,39.1834,-84.5333,60.44,56,0,13.8
461,Margate,GB,2022-10-02 05:06:47,51.3813,1.3862,56.3,89,100,1.01
462,Narsaq,GL,2022-10-02 05:07:00,60.9167,-46.05,35.82,86,100,4.79
463,Muskegon,US,2022-10-02 05:07:00,43.3,-86.1334,55.74,80,0,5.75
464,Havre-Saint-Pierre,CA,2022-10-02 05:07:00,50.2334,-63.5986,39.33,62,2,12.55
465,Harnosand,SE,2022-10-02 05:07:01,62.6323,17.9379,46.99,90,100,5.46
466,San Quintin,MX,2022-10-02 05:04:12,30.4833,-115.95,67.73,78,0,12.5
467,Stonewall,CA,2022-10-02 05:07:01,50.1344,-97.3268,51.03,82,100,6.49
468,Ust-Tsilma,RU,2022-10-02 05:07:02,65.441,52.1498,40.78,97,100,3.67
469,Carupano,VE,2022-10-02 05:07:02,10.6678,-63.2585,78.33,88,95,5.12
470,Russell,US,2022-10-02 05:07:03,32.3502,-85.1999,65.8,94,0,0.0
471,Marzuq,YE,2022-10-02 05:07:03,14.4,46.4667,79.88,31,12,2.19
472,Taseyevo,RU,2022-10-02 05:07:03,57.2169,94.8978,34.47,83,97,9.33
473,Coquimbo,CL,2022-10-02 05:03:24,-29.9533,-71.3436,55.11,89,13,0.89
474,Caravelas,BR,2022-10-02 05:07:04,-17.7125,-39.2481,70.11,84,45,4.99
475,Poniatowa,PL,2022-10-02 05:07:04,51.1798,22.1309,50.16,92,96,13.6
476,Storslett,NO,2022-10-02 05:07:05,69.7678,21.0247,26.6,100,36,0.0
477,Changde,CN,2022-10-02 05:07:05,29.0464,111.6783,100.8,32,17,12.5
478,Miandrivazo,MG,2022-10-02 05:07:06,-19.5167,45.4667,80.24,54,0,0.4
479,Mathathane,BW,2022-10-02 05:07:06,-22.2687,28.7495,72.14,30,15,6.22
480,Abha,SA,2022-10-02 05:07:07,18.2164,42.5053,68.25,37,0,0.0
481,Ayodhya,IN,2022-10-02 05:07:07,26.8,82.2,88.23,55,42,5.57
482,Boyolangu,ID,2022-10-02 05:07:08,-8.1181,111.8935,81.7,79,83,8.41
483,Concordia,AR,2022-10-02 05:07:08,-31.393,-58.0209,55.78,81,3,1.01
484,Alyangula,AU,2022-10-02 05:07:08,-13.8483,136.4192,85.03,49,39,14.38
485,Ca Mau,VN,2022-10-02 05:07:09,9.1769,105.15,79.21,87,100,5.73
486,Dzhebariki-Khaya,RU,2022-10-02 05:07:09,62.2167,135.8,32.58,55,99,7.2
487,Shangrao,CN,2022-10-02 05:07:10,28.4532,117.9686,101.73,27,1,1.3
488,Atar,MR,2022-10-02 05:07:10,20.5169,-13.0499,78.03,30,0,6.22
489,Moroni,KM,2022-10-02 05:07:11,-11.7022,43.2551,75.45,73,3,3.83
490,Topolobampo,MX,2022-10-02 05:07:11,25.6,-109.05,82.31,69,0,0.0
491,Port-Gentil,GA,2022-10-02 05:07:12,-0.7193,8.7815,75.16,100,75,3.44
492,Tianpeng,CN,2022-10-02 05:03:01,30.9866,103.9393,82.72,63,77,1.03
493,Palmer,US,2022-10-02 05:02:34,42.1584,-72.3287,57.42,74,100,1.01
494,Marsh Harbour,BS,2022-10-02 05:05:32,26.5412,-77.0636,80.6,76,4,2.1
495,Graham,US,2022-10-02 05:04:48,47.0529,-122.2943,64.58,84,0,1.01
496,Pombas,CV,2022-10-02 05:07:12,17.1503,-25.0201,76.06,65,53,11.1
497,Opuwo,NA,2022-10-02 05:07:13,-18.0607,13.84,70.38,22,2,7.34
498,Lensk,RU,2022-10-02 05:07:14,60.7253,114.9278,32.04,57,100,8.93
499,Nguruka,TZ,2022-10-02 05:07:14,-5.1092,31.0419,73.87,48,100,7.76
500,Mackay,AU,2022-10-02 05:07:14,-21.15,149.2,80.69,65,50,10.04
501,Colquechaca,BO,2022-10-02 05:07:15,-18.6667,-66.0167,32.99,76,10,4.0
502,Lompoc,US,2022-10-02 05:06:26,34.6391,-120.4579,63.93,90,0,0.0
503,Lagos,NG,2022-10-02 05:05:07,6.5833,3.75,73.58,96,93,2.8
504,Shushtar,IR,2022-10-02 05:07:15,32.0455,48.8567,93.06,10,0,1.41
505,Kaseda,JP,2022-10-02 05:07:16,31.4167,130.3167,81.61,59,0,8.28
506,Taihe,CN,2022-10-02 05:07:16,30.8712,105.3845,79.2,76,100,2.46
507,Luau,AO,2022-10-02 05:07:17,-10.7073,22.2247,66.54,62,47,1.14
508,Charters Towers,AU,2022-10-02 05:07:17,-20.1,146.2667,87.3,30,68,5.35
509,Te Anau,NZ,2022-10-02 05:05:39,-45.4167,167.7167,44.13,96,82,1.14
510,Kushiro,JP,2022-10-02 05:04:19,42.975,144.3747,59.0,77,86,12.28
511,Araxa,BR,2022-10-02 05:07:18,-19.5933,-46.9406,65.59,78,5,2.82
512,Santa Cruz,BO,2022-10-02 05:07:18,-17.8,-63.1667,70.21,60,22,3.94
513,Ialibu,PG,2022-10-02 05:07:18,-6.2821,143.9935,69.35,67,99,5.01
514,Dhidhdhoo,MV,2022-10-02 05:07:19,6.8833,73.1,80.73,80,100,16.44
515,Simbahan,PH,2022-10-02 05:07:19,6.3032,120.5836,83.91,73,100,5.73
516,Furano,JP,2022-10-02 05:07:19,43.2818,142.4743,62.44,73,76,5.88
517,Clyde River,CA,2022-10-02 05:07:20,70.4692,-68.5914,19.96,72,35,5.03
518,Amapa,BR,2022-10-02 05:07:20,1.0,-52.0,69.78,95,5,1.21
519,Bilibino,RU,2022-10-02 05:07:21,68.0546,166.4372,31.44,81,100,1.34
520,Mana,GF,2022-10-02 05:07:21,5.6592,-53.7767,77.9,88,39,7.25
521,Guerrero Negro,MX,2022-10-02 05:07:21,27.9769,-114.0611,69.08,77,0,13.2
522,La Gomera,GT,2022-10-02 05:07:22,14.0833,-91.05,74.86,91,98,5.35
523,Faranah,GN,2022-10-02 05:03:10,10.0404,-10.7434,68.27,98,92,2.62
524,Fare,PF,2022-10-02 05:07:22,-16.7,-151.0167,78.51,69,72,12.86
525,Leh,IN,2022-10-02 05:06:11,34.1667,77.5833,48.81,38,19,5.37
526,Samarai,PG,2022-10-02 05:07:22,-10.6167,150.6667,83.19,73,28,11.83
527,Khovu-Aksy,RU,2022-10-02 05:07:23,51.1333,93.6,29.25,36,40,5.06
528,Alberton,CA,2022-10-02 05:07:23,46.8168,-64.0654,50.59,49,100,16.87
529,Bhigvan,IN,2022-10-02 05:07:24,18.3167,74.7667,82.18,59,31,9.95
530,Tocopilla,CL,2022-10-02 05:07:24,-22.092,-70.1979,59.94,65,4,3.83
531,Sheridan,US,2022-10-02 05:07:24,44.8333,-106.9173,49.46,96,0,4.61
532,Dunn,US,2022-10-02 05:07:25,44.95,-91.8835,57.76,100,100,0.0
533,Kavaratti,IN,2022-10-02 05:07:25,10.5669,72.642,81.52,76,82,11.39
534,Tezu,IN,2022-10-02 05:03:08,27.9167,96.1667,92.25,43,89,3.44
535,Baruun-Urt,MN,2022-10-02 05:07:26,46.6806,113.2792,29.28,76,100,18.88
536,Sao Joao Da Barra,BR,2022-10-02 05:07:26,-21.6403,-41.0511,68.61,86,89,9.62
537,Jijiga,ET,2022-10-02 05:07:27,9.35,42.8,66.81,69,15,9.6
538,Mugur-Aksy,RU,2022-10-02 05:07:27,50.35,90.5,20.86,36,2,3.67
539,Roebourne,AU,2022-10-02 05:07:27,-20.7833,117.1333,85.86,35,0,18.28
540,Jamame,SO,2022-10-02 05:07:28,0.0722,42.7506,80.4,66,65,12.33
541,Baijiantan,CN,2022-10-02 05:07:28,45.6333,85.1833,48.09,26,3,6.78
542,Znamenskoye,RU,2022-10-02 05:07:29,57.1281,73.8282,37.51,54,30,5.06
543,Vila Velha,BR,2022-10-02 05:07:29,-20.3297,-40.2925,69.75,85,40,5.75
544,Kem,RU,2022-10-02 05:07:29,64.9555,34.5793,35.4,79,30,4.29
545,Tacoronte,ES,2022-10-02 05:07:30,28.4769,-16.4102,62.4,90,40,4.61
546,Issia,CI,2022-10-02 05:07:30,6.4922,-6.5856,70.92,100,100,2.82
547,Tura,IN,2022-10-02 05:07:30,25.5198,90.2201,76.05,96,100,0.45
548,Brae,GB,2022-10-02 05:07:30,60.3964,-1.353,52.79,87,100,20.29
549,Antalaha,MG,2022-10-02 05:07:31,-14.9003,50.2788,71.89,76,56,7.74
550,Turukhansk,RU,2022-10-02 05:07:31,65.8167,87.9833,32.86,67,100,10.98
551,Lamu,KE,2022-10-02 05:07:32,-2.2717,40.902,79.02,67,38,13.35
552,Jalu,LY,2022-10-02 05:07:32,29.0331,21.5482,83.5,24,0,4.05
553,San Pedro,PH,2022-10-02 05:07:32,14.35,121.0167,88.83,58,40,8.05
554,Bahia Honda,CU,2022-10-02 05:07:33,22.9036,-83.1592,74.57,74,26,4.54
555,Beziers,FR,2022-10-02 05:07:33,43.3476,3.219,60.39,94,0,5.75
556,Zhigansk,RU,2022-10-02 05:07:34,66.7697,123.3711,28.62,64,67,2.93
557,Meadow Lake,US,2022-10-02 05:06:05,34.8014,-106.5436,66.31,63,35,6.8
558,Flinders,AU,2022-10-02 05:07:34,-34.5833,150.8552,65.05,76,34,5.01
559,Grinties,RO,2022-10-02 05:07:35,47.05,25.8667,54.66,87,97,7.83
560,San Jose,US,2022-10-02 05:07:18,37.3394,-121.895,64.27,80,75,5.75
561,Bitlis,TR,2022-10-02 05:07:35,38.5,42.25,59.99,51,0,7.4
562,Point Pleasant,US,2022-10-02 05:07:35,40.0832,-74.0682,62.01,88,100,10.36
563,Mezen,RU,2022-10-02 05:07:36,65.8522,44.24,40.12,96,98,4.07
564,Rocky Mountain House,CA,2022-10-02 05:05:07,52.3668,-114.9188,54.05,62,31,8.68
565,Baherden,TM,2022-10-02 05:07:36,38.4362,57.4316,65.48,23,2,4.41
566,Waihi Beach,NZ,2022-10-02 05:07:37,-37.4,175.9333,64.89,95,85,8.99
567,Muravlenko,RU,2022-10-02 05:07:37,63.7898,74.523,34.05,55,100,20.36
568,Grindavik,IS,2022-10-02 05:07:37,63.8424,-22.4338,46.87,87,100,31.07
569,Doha,QA,2022-10-02 05:05:08,25.2867,51.5333,91.38,35,0,8.05
570,Port Moresby,PG,2022-10-02 05:07:38,-9.4431,147.1797,84.43,69,31,10.16
571,Mumford,GH,2022-10-02 05:07:38,5.2618,-0.759,75.18,91,51,6.62
572,Asau,RO,2022-10-02 05:07:39,46.4333,26.4,61.72,68,100,10.07
573,Toamasina,MG,2022-10-02 05:07:39,-18.1667,49.3833,69.89,74,97,4.41
574,Mhango,TZ,2022-10-02 05:07:39,-3.2833,32.85,72.88,51,59,9.93
575,Rio Gallegos,AR,2022-10-02 05:07:40,-51.6226,-69.2181,30.25,80,0,5.75
576,Lebyazhye,RU,2022-10-02 05:07:40,55.2689,66.4947,39.54,39,95,11.61
577,Fort Saint James,CA,2022-10-02 05:07:41,54.4333,-124.25,57.47,64,11,3.96
578,Dauriya,RU,2022-10-02 05:07:41,49.9333,116.8667,39.47,30,99,17.11
579,Lagoa,PT,2022-10-02 05:07:41,39.05,-27.9833,71.17,85,96,27.63
580,Caxito,AO,2022-10-02 05:04:21,-8.5785,13.6643,72.91,89,59,1.95
581,Safaga,EG,2022-10-02 05:07:42,26.7292,33.9365,84.79,44,0,14.74
582,Kawalu,ID,2022-10-02 05:07:42,-7.3817,108.2082,81.32,79,91,3.24
583,Zelenets,RU,2022-10-02 05:07:43,61.8849,50.7489,44.85,95,100,8.7
584,Mierlo,NL,2022-10-02 05:07:43,51.44,5.6194,58.14,84,75,6.91
585,Grand-Lahou,CI,2022-10-02 05:07:44,5.1367,-5.0242,74.41,93,96,7.34
586,Taybad,IR,2022-10-02 05:07:44,34.74,60.7756,67.24,21,0,19.26
587,Sovetskiy,RU,2022-10-02 05:03:02,61.3614,63.5842,34.45,75,100,9.1
588,Abu Dhabi,AE,2022-10-02 05:07:43,24.4667,54.3667,86.11,82,0,10.36
589,Callaguip,PH,2022-10-02 05:07:45,18.0714,120.4867,87.82,62,75,6.91
590,Solhan,TR,2022-10-02 05:07:45,38.9634,41.0293,62.22,28,0,4.94
591,Swellendam,ZA,2022-10-02 05:07:45,-34.0226,20.4417,57.54,74,26,2.73
592,Glendive,US,2022-10-02 05:07:46,47.1053,-104.7125,53.22,100,100,10.36
